Colistin_0.8ugml,Gentamycin_0.8ugml,Gentamycin_4ugml,Gentamycin_8ugml,Imipenem_0.1ugml,LB_,LBBlood_5.,LBUrine_5.,ethanol_5.,pH_8,pH_9
4230,5004.5,1295,1202,3772,4174,3859,3980,3575,3108,3110.5
2479,2502,3118,2560.5,2110.5,2156,2564,1916,1676,1964,1613
3100,3574.5,2786,3279,2305,2740,2462.5,2839,2128,2500,1901
2466,3325.5,812.5,751,2329.5,2676,2740.5,2629,2082,2009,1905.5
2020,2968.5,1265,2403,1864,2245.5,2266,2273,1789,1926,1829.5
2681,3946,3647,3542,1970.5,2710,2463.5,2589,1985,2219,1747.5
2074,2274,1182,1606.5,1765.5,2371,2122,2281,1846,1973,1620.5
3170,3490.5,3504.5,3213,2644.5,2279.5,2076,2363.5,1980,2144,1673
0,0,0,0,0,0,0,0,0,0,0
2807.5,3049,1657,1192,2098.5,2207,1917,2590,1840,1770,1772.5
2543.5,3169,1330,505,2801,2785,2518,2002,2145,2750,1789.5
2539,2776,3078,3300,2076.5,2338,2380,2060,1887,2384,1563.5
2311,2380.5,2833,2973,1996.5,2230,2315.5,2106,1828,1803,1660.5
4607,4875.5,5491,5294.5,3698,4480,3655,4072,3556,3178,2984
4789,5092.5,6225,5373,4278,3097,3321.5,2740,2721,2868,2173
2544.5,3847,3858,4226,2565,2669.5,1852,2366,1567.5,1600,1195
3911,4555.5,4851,4677,2419.5,2408,2456.5,2309,2042,2094,1705.5
3128,3751,3863,3901,2341,2556,2525,2643,1937.5,1919,1452.5
2464,3611,4025,4366,2008,2279,1934,2638,1552,1758,1389.5
2109,2233.5,2556,2882.5,1477.5,2181,828.5,1577.5,1179,984,1261.5
3910,4116,2481.5,1561,4329.5,3461,3548,2758,3901,3583,2578.5
3682.5,4139,1004,917,3034,3211,2566,3308,2097.5,2729,2202.5
2566,3217,4664,4391,2548.5,2408,2143,2314,2088,1984,1513.5
3231,3419,4476,4109,2650.5,2714,1133.5,2499,2561,2160,1401
4354.5,4415.5,1919,2546,3199,2875.5,2929,2620,2567,2592,2085
4693.5,5637.5,5686.5,5888,3242.5,3352,2939.5,3328,2558.5,2383,2052.5
3070,4013.5,4400,4223,2277,2711,1713,2424,2006,2181,1295.5
5551,5278,5910,5323.5,4824,3566,4510,3138,3818,3326,2337.5
3367.5,2601.5,1384,1405,4802,3740,4015,3322,3916,2854,2494.5
2871,0,0,0,2029,2498,2231.5,3292,1604,940,1761
3235,4964.5,5029,4997,3210.5,2848.5,3834,2781,2733,2970,2488.5
3212,4765.5,4918.5,4777,3145.5,3662,3607,3480,2823,3429,2468
3488,4644,4217,4525,4002.5,3675,4214,3993,3672.5,3643,2492
2246,2849.5,1451,1123.5,2280,2872,2681.5,2444,2170,2150,1942.5
4321,4684,837,728,3083,3405,3461,3367.5,2887,2317,2599
4202.5,4331,1660,1185,4393,2760,3594.5,2506,2185.5,2666,2166
1332,1788.5,0,617,1148,1516,1328,1395,1013,1549,1217
1739,2198,1742,1942,2388,2909.5,2734,2982,2209,2558,2249.5
2945,3632,1869,1064.5,2821,2950,2702.5,3090,2343,2241,2183
3735,4057,4573,4692,3020,2824,2894.5,2697,2376,2302,1997.5
2633,3343,2438.5,2717,2344,2553,2212.5,2592.5,2134,2008,2042
2809,2100,3244.5,2044,3561.5,2719,2937,1728,2814,2157,1102
4097.5,3930,3407,3701,2716,2526,2607,2377,2088,2059,1909.5
4613.5,4047,2703,1979,4253,3316,3802,3231,3324,3057,2936
969.5,1517,2347,2317,974,1337,1528,1699,893.5,1171,1768
4449.5,4770.5,4998,5360.5,5247.5,3910.5,4034.5,3395,3358,3039,3199
1727.5,2613,967,1037,2805.5,1971,2165,3135,761,972,1339.5
4583,4293,2549,1535,4624,3543,3696,3285,2798,2755,2299.5
3309,3570,4110,4994,3000,3537.5,3004.5,3346,2565,2268,1866.5
2278.5,2831.5,3324,4063,1890.5,1937.5,2358,2030,1705,2036,1160
1401,2651,3427,2979,2207,2112,1811.5,2272.5,1624,1718,1315
1670,2933,3656,4110,1957,2005,2077,2014,1874,1452,1424.5
3505,3914,1419,882,2651.5,2950,2911,2968,2444,2124,2029
4817,4533,1232,810,6080,4283,5090.5,4730,4261,5010,3436.5
2695,2773.5,3588,3229,2012,2580,2153,2315,1699,1856,1298
3054,3655,3654,3831,2728,2987,3023.5,2827.5,2467.5,2025,1857
2700.5,3010,3632,3647,2367,2796.5,2628,2732,2218,2115,1831.5
2449,2855,3281,3128,2108,2235,1902,2134,2065,1905,1884
1759.5,1937,2414,1995,1662,2125,1379,2015,1475,1491,1849
1932,2441,3051,2285,1418,2092,1260,2618,1221.5,1346,1744
5299,3845,1011.5,858,4945.5,3819,4269,3220,3462,3545,2693
4622,3602,973,826,3559,2985,3363.5,3017,2650,2668,1699.5
1992.5,1859,2185,883,2440.5,4027,1898,3372,1877,3638,1993.5
4016.5,4121.5,4227,4121,3461,3246,3429.5,3134,2635,2508,2260.5
2446.5,2671.5,2283,2684,1556,1946,2263.5,2272,1897,1734,1824
2055,1554,929,581,2701,2016,2560.5,1754,1695,2342,1651
2494.5,2091.5,939,613,2479.5,2342,2469,2199,1895,2186,1632
1984,2907,0,720,3305,3167,3378.5,3169,3327,2458,2055
0,471.5,0,0,316.5,1580,1057.5,1547,372,488,460.5
4351.5,4735.5,5032,5132,3947,3503,2930,2950,3421,2950,2552
1971.5,2430,2338,1300,1735.5,2110,2101,2001,1744.5,2043,1364
2794.5,3689,4949,4420,2497,2754,2415,2904,2059,2250,1819
3448,2928.5,2328,2575,2418,2998,2630,2748,2268,2165,1902.5
1621,1516,2097,1012,1220,2153,2005,1713.5,1303,1546,1700
3281.5,4019,3714,3960,3022,3352,2967.5,3324,2704,2456,2137.5
2724,1580,2835,1671,1376,2747,2278,2572,2580,2139,3008.5
2418,3149.5,3064,3161,3868,2531.5,2886.5,3464,2513,2558,2233
2903,3456.5,3701,4168,3639,2921,2863.5,2268,2708,2705,2269
3481,4208.5,4898,4304.5,2974,2283,2061.5,2398,1914,2194,1599
2734.5,3450,4078,4059,2114,2321,2300,2311,1979.5,2091,1825
3526.5,3938,3593,2548,2834,2524,2818,2423.5,2136,2221,1811
4730,4973,4598,4311,4375,4298,3462.5,3684.5,3341,2446,2811
2411,2771.5,3450,3868,2024,2722,2273,2598,2075,2040,1895.5
2216.5,2970,2904,3166,1977.5,2400,2365.5,2629,1928,1618,1167
3512,3819.5,1631,779,2974,3149,3119,3072.5,2576,2424,2079.5
2450.5,3038,2758,3224,2039,2487,2314.5,2630,1909.5,2083,1579
1203,2349,1658,2967,815.5,830,1405.5,748,703.5,863,1563.5
3565.5,3487.5,2114,1080.5,2516,2824,3148,2201,2186.5,2185,1293
2687.5,2488.5,658,771.5,2492.5,2997,2915.5,2591,2031.5,3122,2159.5
3128.5,3222,3455,4005,2860,3453.5,2839.5,3186,2130,2399,1646.5
1314.5,2309,2290,850,2200,2638.5,2220.5,2510,2144.5,2086,2043
2375.5,2484,2536,2874,2234,2522,2321.5,2322,2030,1812,1621
4753.5,4494.5,3726,3507,4824.5,3314,3155,3291,3041,2484,2252
2917.5,3018.5,2781,2998,2995.5,2120,2436.5,1769,2201,2122,1752.5
3539,3510.5,5173.5,2504,3458,3472,2324.5,2587,2910,2436,1974.5
2852,3701.5,4986,4180.5,3308.5,2674,2116,2612.5,2627,2209,1942
2625,3140.5,3567,3684,2446.5,3031,2072.5,2563,1957,2424,1685.5
1886,3368,1467,1321,2836.5,3293,1586,3263,2268,2002,2151.5
3654,4149,4390,4213,3219.5,3476,3262.5,3106,2521,2759,1951.5
3950,3816,4638,3443,3979,4099.5,4613,4129,3873,3626,3130.5
1891,2719,1925,1325,1776,1927,2278.5,1988,1783.5,1782,1310
1511.5,1627.5,1691,1773,876,763.5,263.5,617,585,2131,1968
4318.5,3872,3698,4246,3329.5,2960,3115.5,2809,2595,2137,2283.5
3864,4292,4242,4067,3472,3345,3293,3256,2928,2464,2157
3071.5,3648,3821,4673,2669,3074,2724,2844,2228,2418,1938
5060,4798.5,6118,5480,4687,3599,4187,3302,3513,3466,2761
1888,2441.5,3612.5,2449,2158,2628,1890,2795,554.5,1409,773.5
2052.5,2733,2861,3628,2315.5,3011,2572,2897,1934,2093,1541
3294.5,4117,5566,4024,4214,3716,3788,3909.5,4160,3498,3157.5
1735.5,1636.5,2824,2445,1457.5,2016,1802,1551.5,816,1515,1107.5
2803.5,3690,4427.5,3961,2712,2267,2035,2373,2142,1850,1983
2788,3409.5,3523,3341,2526,2020,2179,2550.5,1816,2094,1640.5
408,257.5,0,0,2338,3333,3020.5,2702.5,3284,2575,2454
4659.5,4470,4377.5,4560,4013,3400,3288,3225,3253,2998,2531.5
1560.5,2000,1643,2018,1387.5,1876,2104,1539,1449.5,1668,1186.5
3871.5,4072.5,4132,2176,3682,3225,3774.5,3475,3117,2826,2214.5
3589.5,4030.5,4800.5,4360,3195,3386.5,3413.5,2902,2791,2691,2415.5
0,81,0,0,155,1576,159,1002,0,0,0
750.5,803,427,0,910,3010,950.5,3990,1107,2156,1415
3756,4322,4506,4499,3609,3121,3699,3162,2757,2632,2327
3079,3793,3700,3803,2638.5,3266,2953.5,2895,2363,2507,1880.5
264.5,339,255,0,2181,4253,2288.5,5065,1006,1894,3567
3459,3963.5,4095,3985,3118,3157.5,3152.5,2957,2583,2311,2072
4023,4502,4180,4413,3706.5,3427,3919.5,3365,3162,2742,2624
3958.5,4561,3914,4159,3397.5,3157,3359,3191,2817.5,2547,2397
5123,4585.5,5614.5,4843,4571,3862,3907,3334,4199,3391,2984.5
6123.5,5970.5,8590,6650.5,6409,6117,5392,6556,7019,4992,4561
3696,3507,1211,1370,2699,3644,2292,3455,2008,1880,1264.5
3491,3915,3785,3835,3266,3301,2982,3235,2545,2500,2142
2943,4067,3153,3444,2979,2716,2712,2835,2577,1910,2148
4285,4732.5,3764,4118.5,4730,3419,3398,2955,3011,2659,2570.5
4078,4086.5,3899,3656,4020.5,3252,2930,3120,2975,2449,2739
3576.5,4539,4241,4035,3445,3230.5,3390,3085.5,2927,2326,2600
3422.5,4203.5,2349,2120,2620,3116,2288,2619,2287,2722,1967
1938,2324.5,2901,2698,1933.5,2142.5,1982,2153,1865,1692,1787
4373,4441,4079.5,4436.5,3506,2955,3007,2630,2884.5,2670,2321.5
3274,3912,3589.5,3624,2913,3079,3015,3086,2464,2235,1875
2150.5,928,481,0,2376,3196,2776,2727,2363,2252,1834
3705.5,4047,4135,3889,2926,2959,2766,2806,2367,2120,1827
328,471,645.5,560,1031,1884,2219.5,2667,1265,2835,2035.5
1046,1716.5,489,1309,1066,1302,1105,827,998,715,218
2760,3702,2024,3219,2074,2303,2391.5,2474.5,2047,1919,1663.5
3907,3012.5,2694,2428,3274.5,3685,3209,2706,2590,2836,1782
3829,3772,0,1573,3461,2776,2861,2663,2483,2448,1918
3343,2946,1588,1908.5,2905.5,2693,2303,2423,2456,2154,1727.5
2370.5,2703.5,913.5,668,2682,4249,3240,4140,2246.5,4388,2372
1802,3474,2803.5,3707,1559.5,2071,1818,1318.5,1406,2215,1462
3349,3369,915,906,2961.5,3072,2958,3092,2449,2377,2175.5
4047,4446.5,5035,4424.5,3753,3620,3696,3281,3132,2942,2347
0,0,0,0,0,2459,1338,1806.5,581,1092,877
3583,4209.5,1177,857,2858,2946,2756,3050,2416,2080,1926
2996,2904.5,2139.5,1820,2721.5,2864,2967.5,2596,2593,2336,1709.5
2903,3052.5,2827.5,3142,2415,2786,2905,2771,2330,2205,2020
2458.5,4039,4116,4634,3044,3566,3191,3065,2959.5,2508,2631.5
2454.5,4168,3495,1701,2531.5,2874,1765.5,2727,2087,1786,1440
2705.5,3218.5,2381,3582,2182,2893.5,2827.5,2638,2081.5,2283,1704.5
2016,2387.5,3152,2862,1961.5,1976,1358.5,2049,1629,1517,1386.5
3688.5,4485.5,1996,1792,2652,2928,2026,2233,2240,2015,1409
3172.5,3906.5,4098,3788,2591,2535,2140,2309,2026,1862,1557.5
2076.5,2498,4195,3662,1587.5,1826,1659,2391,1493,1727,1148
440,1331,1167,2779,873,983,765,1102,645.5,554,765.5
522,482,799,1116,639,3268,1842,3168.5,2758,1839,1853
1394,3785,3339,4004,2057.5,1748,2112.5,2049.5,1523,1772,954.5
5319,5332,1748,1351,3866,4892,2884,4636,3312,2551,2896
2727,3695.5,4104,4544,2408.5,2560,2420,2633,2140,1897,1850.5
1299.5,1042,348,220,859,2051.5,1781,1102.5,971,1695,1058
3289.5,1898,2275,2471,2478.5,2376,3194.5,1958,1814.5,2554,1542
3317.5,3517,4078,4226,2633,3174,2990.5,3073,2576,2514,2147
3037,4021,3511,3711,2779.5,2860,2850.5,2592,2713,2119,2102
2229,2603,2989,2906,1908,2071,1814.5,1991,1911,1774,2428
4561,4535,1060,1042.5,3647,3235.5,3368,3170,3306,2763,2471
1680.5,1829,2419.5,2051.5,1655.5,1939,1260.5,2087,1336,1348,2017
0,0,0,0,380,0,307.5,386,303,0,411
3029,3642.5,3688,3985.5,1590,2062,1940.5,2662.5,1760,2058,1562
2315,3071.5,2924,3432,2091.5,2250,2370,2062,1952,2341,1927.5
2641.5,3431,3989,3208,2401,3295,2374.5,3198,1918,1955,2236.5
3036,1937,2070,2807,3243,2179,2903,3477.5,2763,1947,2666.5
3394.5,3900.5,2716.5,1375,2394,2639.5,2403,2529,2045,2215,1217.5
3465.5,2809,2815,2407,2800.5,2784.5,2730,1929.5,2139,3203,1787
3341,3651.5,4320.5,3959,2745,3015,3025.5,2745,2357,2490,2220.5
3239,4582,4719.5,4827,2729.5,2754,2617,2889,2343,2407,1846.5
3717,4066,4576,4292,3136,3324,3253.5,3141.5,2574,2683,2300.5
3019,3954.5,4374,4396,2543,3152,3057.5,2883,1593,2682,1483.5
3539,3911.5,3834,3782,3168.5,3114,3063.5,3100,2626,2552,2201
3391,3436,3832,3980,2880,3045,2985,3050.5,2565.5,2489,2254
3314.5,3593,3472.5,3666,2917,3112,2961.5,2765,2580,2127,1916
0,0,0,0,0,1077,0,0,0,0,0
3714.5,3802.5,4132,4059,3131.5,3314,2921,3346,2528.5,2687,2275
2341.5,2199,1936,960,2014.5,2697.5,2360.5,2624,1649,1769,1052
1512.5,1953,1216,1441.5,1848.5,2338,2146.5,2513,1541.5,1874,1236
3891,4614,4487,3679,4160.5,3229,3192,3090,2827,2733,2780.5
4188.5,3919.5,3901,3608,3463.5,2869,2990.5,2790,2580,2354,2034
4303.5,4032,4244.5,3768,3930,3207,3150,2957,2802,2648,2145.5
3505,4357.5,5805.5,5067,2906.5,3234,2600,3273,2537,2673,2080.5
5147,4431.5,3783,2960,4943.5,3404,3534,2992,3659,3500,2601
2510.5,2970,1395,940,2202,2718,2102.5,2503,2432,2380,1886
3371.5,3887.5,1325,1379,2721.5,3092,2983,2999,2578,2721,2243.5
1593,1943,0,483,2023,2854,2367,2391,1908,2211,1430.5
0,261.5,0,0,662,1481.5,939.5,1917,376,460,366.5
0,0,0,0,0,0,0,0,0,0,0
4607.5,3543.5,1223,1727,3651.5,3205,2973,3154,2550,2499,2056
4951,3660,2414,2330,4844,3847,3508,4110,4021,3222,3619
400,171,0,0,0,723,386,955,0,723,186.5
3849.5,3856,4264,4184,3800,3380.5,4043,3900,3093,3038,2687
1648,1927,1980,1687,2018.5,2307,2126.5,1873,1621,2538,1432
5152,5253,6232,5844,4912.5,4633,3574,4687.5,4291,3535,3468
4424.5,4409,2680.5,2845,3742.5,3544.5,3587,3573,3615,2779,2761
5944,5506,5094,4909.5,5510.5,4093,3974,4274,3541,2952,3053
3074.5,3240,3569.5,3751,2707.5,3146,2849,2970,2477,2444,2097
1470.5,2479.5,1947,2188,1718.5,1780.5,1330.5,1902,988,1374,1282.5
3413,3278,4165,2082,3607,3079,1970.5,1924,2509,3030,2194
2792,2435.5,3166,2168,2472,2405,1904,2172,2149,2243,2078.5
3284,4146,4944,4523.5,2561,2890,1957,2327.5,2042,2018,1638
3057,3522.5,3608,3703.5,2815,3039,2818,2917,2519,2355,2004
2987.5,3417.5,4063,3903.5,2729,3392,2991.5,2491,2494.5,2726,1847
2792,3533.5,3670,4213,2282,2712,2711,2947,2227,1960,1928
4745.5,4326.5,5318,5130,4080,3509,3851,3263,3603,3015,2503.5
2980,3520.5,4177,3269.5,2668,2340,2242,2173,2283,1787,1634.5
3884.5,4274,4835,4679,2959.5,2345,2578.5,2852,2387,2208,1967.5
2853,1985.5,2203,472.5,3187,2582,3089,3483,2586,2450,2803
1571,1095,839,449.5,1941,2424,3075,2077,1564,2533,961
4168.5,3847,1172.5,1040.5,3249,2721,3064,2485,2452.5,2374,1684
4315,4110,1443,1353,3548,3212,2797,2883,2602,2921,1988
2172.5,1715,554,650,1725,2135,2290,1872,1855,2053,1462
2446,2956.5,937,1233,1901.5,2327,2425,2452,1922,1918,1593
2028.5,1839.5,502,799,1655,2087,2180,2252,1622,1602,1251.5
4512.5,4127,1811,1392,4495.5,2865.5,4013,2811,2873,3191,2520.5
6363,6391.5,4876.5,5358,4115,3775,4190.5,3431,3101,3412,2709
5257,4931.5,1298,1644,2708,3339,4195,3026,2971,2576,2366
6364,5000,1240,1513.5,6937.5,4354,7145,3766.5,4374,3766,2844
7098,6051,6187,6282,6662.5,4858,5962,4606,5059,4321,3142.5
6407,5459.5,2143,1513,5629,3964,5190,3840,3763,3386,2548.5
3726,4610,4072,4522,3418.5,3094,3503,2746,2854.5,2390,2420
4316,5431,4991,5137,2670,2689,3129,3038,2481,2324,1931
5919,5871,6899,6111,5857,4913,5362,4964,4947,3416,3680.5
0,633,0,0,970.5,5249,1979.5,4068,5397,2960,4233
4518,5356,5408.5,5056,3776,3426,3519,3432,2614.5,2655,2047
3132.5,305,753,169,2930.5,1826.5,1558,1760,424.5,1024,705.5
4388,5059,4649,4402,3200,3388,3053,3445,2435,2302,1969
2199.5,2619.5,3232,3522,2065,2172.5,1572,2275,1418,1538,1327
3435.5,3563.5,3959.5,3862,2945,3072.5,2894.5,3121,2471.5,2412,2178
2852.5,3759,3820,3737,2397,3365,1951.5,3006,2135,2018,2371
4634,5129.5,4489,4542.5,4270.5,3182,3252.5,2823,2785,2689,1906
1386.5,2463,1847.5,3120,2492,1891,130,1920,1884,1509,1377
0,361,0,0,321,3544,140,3389,0,571,264
5960,5100.5,7810,5209.5,5106.5,5738.5,6429,5322.5,5451,4975,4598
0,502,0,0,398.5,2056,250,1657,337,183,3477
2470,2690,3039,2645,2299.5,2061,2231,1849,1790.5,1918,1535.5
3901,4749.5,4321,4200,4367,3897,3559,3593,2933,2559,2454
3243,4112,4105,4611,2578,2695,2872,2830,2289,2168,1878
3376.5,4237.5,4209,4465,2599,2896,2879,2956,2279,2213,1953
3578,3783.5,1952.5,885,2766,3228,3000,2942,2465,2680,2166
1389.5,2796.5,3134,3136,2508.5,2151,2180,1766,1635,2005,875.5
2955.5,3361.5,3500,3647,3391,2847,2883,2806,2420,2355,2026.5
3282,3457,3964,3501,3291.5,2630,2904,2087,2693,2451,1977
3926,3085.5,4135,3661,3536,4266.5,3507.5,3895,3896,2985,2352
2000.5,3166.5,4244,4124,2415,2525,2244,2807,2292,2116,2085
2896,3545,2847,3870,3000,2400,3901,2014,2699,2951,1799.5
1714.5,1946.5,1965,2544,1741.5,1878,1767.5,1920.5,1348,1701,917
702.5,350,0,0,2548.5,2152,899.5,2306.5,1734,2438,0
3094.5,4335,4974,4826,2952,3169,3099.5,3066,2305,3016,1809
1754,2622,2775,3004,1570,1875,1271,1718,1155,1214,1286.5
5231,4192,1565,1516.5,5220.5,4002,4416.5,4568,4358,3632,3263.5
4372,3948,1642.5,1740,4391.5,2777,2770.5,3123,2901,3042,2404.5
2246,2292,1879.5,2105,2975.5,1984,2170,1845.5,2148,2147,1935.5
3046.5,3069,1829.5,1469,2569,2454,2605,2430,2137,2331,1837
2021,815.5,0,387.5,1817,1833,2252,1901,1320.5,2065,1527
4652,4397,1846,1753.5,4138.5,3751,3826,3429,3517,3424,2779
3962,3979,1286,759.5,3530,3769,3539.5,3825,3138,3030,2875
4028,4080.5,1463,1466,3273,4005,3553.5,3955,3085,3143,2877.5
2071,3384,1397,970,2338.5,2857,2535,2762,2267,2446,2102
3934.5,3196,0,0,4974.5,4749,5012,5133,4572,3609,4121.5
3061.5,3593.5,810,723,2981,3569,3282.5,3380,2813,2951,2684
3504,3532,3361,3830,2560,2946,3206.5,3003,2706,2310,2169.5
5619,4794.5,1669.5,1799,4045,4168,5244.5,3926,2798,3644,3420
1582,2349.5,0,1951,3292.5,3794,2718.5,3659,3282,3848,2865.5
2377,2281,0,0,3632.5,3322,2986.5,3449,1572,1993,3526.5
3050,2633,927,1077.5,2995,3537,2809,3705.5,2258,2775,2418
3909,3628.5,2410,1888,3779,3665,3605.5,3404,3035,3184,2644
3312,3383.5,1762.5,1869,3325,3687,3622,3794,3250,3596,2822
4442,4669,4644,4887,4827.5,4159,4518.5,4025.5,2897,4013,2989.5
3971,3924,1881,2053,3647.5,4148,4052.5,4110,3411.5,3558,3173
3176.5,3667.5,4628,870,3169,3301,3375,3627,2476,3030,1961
0,2109,1201,1023,3865,3923,3232.5,3696,2556,4560,2877
3090.5,4861.5,883,804,3064,3368,3354,3015,2805,3008,2541
5284.5,4937,1064,1128,5351.5,4076,5520.5,3637.5,4401,3572,2882
5686,4700,1640.5,1081.5,4541,3556,4489,3927,3118,3005,3358.5
7999,7202,9403,7378.5,8013.5,7032,7734,7643,7444,6249,6000.5
2098,2795.5,0,0,3522,3229,1359,2846,3034,3958,2929
5443.5,4577,1322,1422,5586,4643,5819.5,4366,4571,4052,4167
5305.5,4701,1056,977.5,5981.5,4520.5,6736,4419,5322,4336,4415.5
3955.5,4450,1213,695,3817,3597,4441.5,3095,3524.5,3025,2981
4878,5057,1181,1021,5907,4021,5434,3584,4118,3647,3156.5
4386.5,4938,0,484,6114.5,5236,5988.5,6286,4964.5,5311,3538
5388,3286.5,5430,0,5532,5901.5,4914.5,5547,6020,5368,3874
4352.5,4367,2959.5,2336,5922,3852,5152.5,4098,5487,4154,3178
3929.5,4682,4626,4973,4967,3364,4038,3063,2795,2183,2829.5
3703,4777,4808,5132,3519.5,3244.5,3485.5,2942,2688,2835,2090
3388.5,4148.5,1269,1020,3764.5,3690,3712,5008,3195.5,3815,2546
3343.5,3909.5,4034,4261,3067.5,3425,3353,3361,2651,2615,2324
2271,1942,0,0,2009,2068,2568.5,2740,1448,1863,1130.5
3102,3828.5,3568,3912,2874,3259,3071,3177,2526,2339,2355
0,0,0,0,693,762,360.5,1013,354,0,407
3495.5,3658,3539,4198,3086,2880,2905,2709,2426,1980,2316
7521,6960,9910,8455.5,8227.5,7471,5290,7436,7309,5931,5524
4570,4027.5,588,783,4244,3629,3572,3512,2954,3101,2974
4229,4039,708,694,4282.5,3908.5,3539,3774,3295,3256,3038
0,430.5,0,454,716.5,3697,518.5,2649,586,3353,1722
3649.5,4541,4840,4976.5,3647.5,3708,4329,3401,3027,3224,3204
504.5,358,0,0,4276,4094,3877.5,3622,3270,3183,2668
3699,2472,817,1121,2974,3009,3297,3019,2725,2012,2085
4493.5,4808.5,1038,1056,4174,3738,3859,3428,3323,2902,3004.5
1180.5,188.5,0,0,1406,2844.5,1539,2593,2425,1191,1869.5
5466,5632,5724,5839,3645,3298,4499.5,3691,2880,3006,3167.5
2846,1993.5,0,0,2551,4165,2746,3455,2956,2043,4467.5
4743,4419.5,1604.5,1161,5935.5,4041,4200,3370,3838,3238,3691.5
2555,2975,875,1075,2386,2846,2434,2753,2157,2125,2090.5
2847.5,3215,1532,1406,3119.5,2934,2257.5,2668,2282,2160,1977
2096,2282.5,2043.5,2074,1680,1559,1599,2069,1518,1373,1663
5231.5,4128.5,3283,4088,4940.5,3409,4101,3350,4285.5,3301,3397
5597,4575,2326,1715,5498,3958,5202,3635,5093.5,4096,3117
1013,1737.5,0,0,885,2185,2138,4036,953,1659,1024.5
3344.5,3592,4437.5,4074,3018,3023,2962.5,3014,2603,2520,2097
1988,1648,2087,2015.5,1788,2284,2299,1948,1744,1869,1495
2632.5,3452,3450,3700,2325.5,2892,2501.5,2672.5,2010,2350,1719
551,2606,0,304,2503,2466,2275,2722,0,2456,1966
2613,2516,2561,2650.5,2115,2461,2778,2326,1955,2179,1781.5
2627.5,3746,4587,4567,2526.5,2921,2550.5,2851,2668,2561,2306
3704.5,3709,1228,1007,2960,2850,2754,3177,2533,2093,2047
2512.5,2933,847,954,3046,2827,2600.5,3129.5,2612,2494,1883
1892.5,2406,1241,1001.5,2088,2673,2157.5,2599,2122,2079,1876
1158,1974,0,0,3370.5,3498,3003,3028,2811,2733,1729
2805.5,3725,0,1297,3432,2641,2698,3801,2463,2194,2972
4112,3393.5,0,0,4413.5,2680,3109,2553,2949,2864,2270
3256,4067,3401.5,3782,2959.5,3508,3103.5,3269,2138,2962,1754
0,2160.5,0,957,2328,4327,2236,3600,2569,1123,2038.5
2863,3677,3668,3384,3623,2509,2658,2635,2386.5,2007,1940
1533,2635.5,1930,2334,2546,2863,2518,2920,2748,2626,2426
2119.5,1415,687,1010,1586.5,2371,2248,2386,1608,1982,925
3108.5,3371,3814,4560,2534,2596,2503,2582,2151,2054,1671
3921.5,4268.5,4348,4269,2605,3199,4114,2637,2150,3270,796
3835,4759.5,5231,4776,3328,2745.5,2931,2576.5,1998,2729,1611
2656,2732.5,3887,3338.5,2135.5,2425,2248,2244,1850,1906,1322
2438,3396.5,2884,921,4854,2963,2127.5,2808,1936,3621,1897
3358.5,3630.5,4272,4117,2627.5,2911,2940.5,2700,2212,2441,1955.5
3094,2711.5,3183,3267,2828.5,2640,2928.5,2146,1749,3220,1649.5
7201,6462,5798,4752.5,7338,6430,6316.5,6651,6290,5293,5134
1571.5,2608,3067,2313,2515.5,2630,2491,2752,2019.5,1712,2017
2494,3469,3149,4176,2445.5,3115.5,2904,2997.5,2243,2769,2072
2638,4187.5,4368,4353,2796,3497,3280,3429,2664,2846,2531
1174.5,1799,717,854.5,3198,2124,2069.5,2251,1457,1882,838.5
1477,3082,3840,3989,2163,2241.5,2015.5,2609,1806,2105,1564
3617,5017.5,4450,3852,5003,4650,4634.5,4807,4122,3168,3327.5
3497,4104,4553,4610.5,3409.5,2993,2450,3042,2670,2692,2204
2796.5,3406.5,2680.5,3150,2422.5,2604,2485,2554,2086,1869,1902
3402.5,3981,4449.5,3889,2959.5,2764,3024,2699,2230,2398,1958.5
1431.5,2643,2866,3743.5,2060,2990,1848,2291,2082.5,2054,1518
10506,10223,12547,12537,9301,9763,7724,9977,9750,8815,9870
1786,3300.5,4635,4260,2258,2512,2015.5,2618,1814,2238,1513.5
5535,6377.5,4981,2105,4441.5,3991,4624.5,4037,3277,4098,2874
5355.5,4700.5,2110,2168,5044,4386,3362,4396.5,4537.5,3208,2685
1460.5,2541.5,3019,2561.5,1650,2339,1830,2326,1489,1315,1310.5
3550,3860.5,4157,3973.5,2964,2842,2502.5,2962,2353,2465,2102.5
2675,3691,4199,4293,2345,2463,2747.5,2732.5,1875.5,2411,1933.5
1134,2494,2883,3359,2002.5,2143,1865,2441,1833,1596,1393.5
4237,3311.5,3385.5,2844,4060,3508.5,3622,2994,2881,3504,2141
1158,0,0,0,1735.5,4803,1400.5,4209,0,1289,2774.5
2779,2638.5,3767,2806.5,2839,3219.5,2548,2103,2488.5,2401,1757.5
2409.5,3764,4897,4284,1686,1997,1835,1936,1468,1678,1175
0,0,0,0,913,2771,1162.5,1604,2554,1233,1439.5
4559,4078,2204,1874,4296.5,3233,3550.5,3359,3480,2913,3404.5
4176.5,4433.5,4665,4381,3763,3362,3780,3260.5,2737,2763,2148
1870.5,2177,631,571,2257.5,2870.5,2102,2780,1756,2064,1088
3143,4069.5,2542.5,1211,2615.5,2793,2956,2659,2284,2351,1895.5
3110,2322,2797,0,3072,1841,2594,2018,1210,1489,1523
3540,3908.5,2424,883,2846,2846,2658.5,2735,2308.5,2199,2017
2581.5,3619,4011,4461,2491.5,2951,2887,2671,2122,3133,2025.5
4627.5,2868.5,2622,935,3367.5,3373,2458,2784,2309,2977,1300.5
3021,3719,2968,2219,2625,3322,1927.5,3103,1963,1977,2307
4124,4659,4079,4299,3069.5,2812,3441,2990.5,2387,2497,1922.5
3711.5,3632,3764.5,3876,3266.5,2782,2833.5,2717,2594,2221,2109
1802.5,2957.5,3213,3826.5,1878,2316,1880,2256,1632,1507,1293
4938,5263.5,5018,5001,2282.5,2880,3294,3024,2050,2246,2322
3618,3592.5,3670.5,3272,1934,2146,2460.5,2759,2455,2703,1635.5
2484,3211.5,4265,4358.5,1970,2215,1989,2236,1805,1989,1591
4028.5,3405,2053,2007,4036.5,3670,3177.5,3384,3247,3076,2799
4653,4913.5,4321,2820,4445,4016,4461,3895,3920,4371,3062
5265,5066.5,5908,5041,4752.5,3364,3998.5,2982,3400,3096,2316
3155.5,3658,4094.5,3828,2307,3203,2789.5,3255,1956,1705,1849
3203.5,3653,4346,4175,2281.5,3115,2887,2394.5,2030,2808,1883
2832,4118,3415,4453,2747,3238,3022,3325,2315,2317,1846.5
5857.5,5300.5,4427,2387,4727,2946,4202.5,2818,2282,2064,1752
2385.5,4304.5,6747,5882.5,2738,2978,1943.5,2407.5,1691,1824,1311
1457,2381,2712,2705,1736,2531,2086.5,2459,1381.5,1522,1487
3802.5,3094,0,1641,2352,4420,2675,3616,2033.5,2310,2147.5
2656.5,3501.5,3686,4127,2147.5,2509,2705,2650,1843,2487,1893
761,312.5,0,767,0,0,859.5,0,729,561,0
5050,5655.5,5600,5051,4477,3561.5,4136.5,3300,3126,2850,2519
2892.5,2170.5,1669,1497,3531.5,3486.5,4389,3642,4429,3104,2901
2972,3686,1043,670,2885.5,2966,2782,2803,2239.5,2417,1624.5
0,564,434.5,676,3828,4256,3109.5,4685,1872,3548,2413
4547.5,4890.5,5186,5101.5,4019.5,3631,3914,3318.5,2935,3346,2369
1377,2818,2680.5,3603,2004.5,2623,1942.5,2353,1874,1966,1472
3614.5,2809.5,3286,3867,3394,3407,3464,3150,3045,2497,2124
3293.5,2422.5,3964,1820,3113,2655,2744,3639,2023,2710,1774.5
3391.5,2363.5,4765,778.5,3428.5,3497.5,3370,3595,2465,3622,2016.5
1530,1748,762,452,2092,2596,2208,2592,814,1229,780
2914.5,4092,4279.5,4826,2876,3382,2627,3232,2041,2342,1845
1328,2364,2022,967,2136.5,2945,2116.5,2477,1636.5,2124,1361
2253,2416.5,547,617.5,3055,3700,2628.5,3811,3367,3096,2754.5
3118,2999.5,932,693,3274.5,2370,2912,2199,2176.5,2267,1842
5752,5324.5,3068,3192,4518,3640,5251.5,3347,3438,3686,2798
4727.5,5141,0,791,3103.5,2129.5,3113.5,2474,2448.5,2447,1350
5097,3510,981,1324,4267.5,3203.5,3765,3045,2808,2833,1918
3215.5,4089.5,5196.5,4498,2401,2675,2409.5,2536,2117.5,2378,1913.5
3109,3854,4680,5105,2907.5,3472,3046,2831,3307,2323,2831
2788.5,3527.5,3127,3240,2675,2592,2487,2729,2269,1891,1952.5
1953,2788,3631,3833,2010,2240.5,1966.5,2257,1854,1739,1641
2420,3694.5,1121,663,2328.5,2769,2223,2945,2185,2206,2229
1532,2358,1865,915,2152.5,2304,1749,1982,1621,1855,1094
4185,2947.5,654,700,3365,3847,3257,3701,2679,2964,1802.5
3266.5,3289.5,1418,1517,2520,2950,3065,2849,2370,2485,1938.5
5503.5,5198,959,1038,3514,3697,3164,3174,3468,2916,2488.5
3466,3517,0,3524,2480,2840,2330.5,2556,1735,2200,1782
1937.5,2158.5,2377,2290,1554,2003,1333,1967,1421,1281,1775
3607.5,3200,1371,940,3139.5,2988.5,3625,3303,2877,2285,2365
2745,2438,655,651,2354,2857,2713,2856,2334,2000,1518.5
907,1927.5,763,1015.5,859,1719,1131,2099,1192,1233,1034
7412,5672.5,2745,2742,7531,6932,5289.5,6620,7703.5,5472,5307.5
4341,4244,894,907,4592.5,4147,4502,4105,3119,3482,2564.5
1284,1764.5,0,0,3075,2382,2063,2883,2619,1914,1540.5
2758.5,2701.5,732,583,3383,2666,2637,2428.5,2579,2870,2346.5
3674,3440,1744,2006,3461,3231,3150.5,3383,3013,2744,2582.5
3621.5,1845,0,0,5099,3851,1566,3493,3222,3320,2508
2444,3399,3682,3966,2514.5,2527,2423.5,2431,1793,2100,1363.5
2270.5,3038,837,621,2975.5,3254,2712,3275,2822.5,2660,2467
2279,2841,916,910,2779,2974,2467,2927.5,2224.5,2241,2101.5
4019.5,3734,823,1279,3081,3338.5,2764,3133,1887,2346,1581
738,1123.5,0,0,2309,2855,3312,2438,3579,2441,1940
4319,4635,3971,3114,3788,2931,2570.5,2999,2752,2878,2395
3195,3002.5,0,2008,2624.5,2547,2147,2314,2032.5,1882,2224
3442,1562.5,697,437,2205,2736,2977,2236,1944,3221,1834
1034,2128,1088,1504,686,2181,1421,1644,1379,798,1158
4098,1323,0,0,3628,4106,3236,3649.5,2875,3210,3227.5
5052,4365.5,2262,2132,4659.5,3493,3807,3248,3506,3279,2493
3688,842,1686,327,3834,3401,4026,4309,3574,2891,3395
4318,3625,1678,2099,3965.5,3146,3717.5,2983,3235.5,2886,2065
2951,2932.5,3311.5,3169.5,2419,2864,2755.5,2727,2389,2110,1674.5
4761,4485.5,3972,4008,4580.5,3155.5,3293,3311,2939,2508,2503.5
5096,5077,4463.5,4311,3476,2924.5,4081,3234,2700,3189,2719
1855.5,1711,0,0,1854,2788,1974,2856,1970,2082,1863
0,0,0,0,0,1473,387,2399.5,0,755,935.5
0,0,0,0,0,1516,1005,4303,655,545,293
3138.5,3884,1809,673,2692,3020,2810,3262,2539,2653,2275.5
1926.5,1815,2690,2187,1931.5,1897,2308.5,1780,1451,1720,1501
2785,1406.5,2873,946,3043,2703,2977.5,2996,3234.5,2859,1152
2558.5,3071.5,825,787,3130,3405,2796.5,2880,2433,3030,2187
4173,3277.5,1386.5,1222,3346,3096,2866,3061,2419.5,2332,1954.5
2889.5,3327.5,792.5,614,3006,3240.5,2609.5,3216,2358,2256,1637
6003,6356.5,1801.5,1061,4700,4059.5,5059,4135,3301,4042,2964.5
814,286.5,0,0,984,1964,1152,2165,964.5,883,1274.5
4103,3364.5,982,1097.5,4373,3213,3888,3434,3768,3864,2518
0,351,0,0,1769.5,3570,2135.5,2526,1347,3135,884.5
1542.5,1858.5,0,975,1263,1997,2049,2171,612,2432,1000.5
0,1442,1384,0,3535.5,2355,2747.5,2561,1972,1540,2633
3331,3540,3636,3877,2845,2937,3139,3105,2532,2754,2031
5294,4336.5,1677,1177,4826,3420,4984,3025,3161.5,3156,2859
2895,5304,4740,4620,3997,3520,4038,3353,2784.5,2678,2951.5
3015.5,3192.5,946,648,2445.5,2724,2832,2713,2271,2026,1854
5663.5,6239,1818,1179,4679.5,3769,4087,3053,3007,3133,2122.5
1527.5,2613,2922,3093,1372.5,2017,1557.5,1561,1378,1439,1112
4850.5,4904,1774,969,3896,2678,3214.5,2662.5,2457,2392,1785.5
1893,2631.5,2704,3293,1955,2508,1915,2408,1750,1969,1546
2616.5,3418.5,4587,4268,2279.5,2328,1901.5,2051,1601,1836,1468.5
2325.5,3330.5,5015,4246.5,2189,2217,1821.5,1914,1596,1874,1378.5
1985,4062.5,5093,4551,2602,2656,1961.5,2290,1797,2108,1661
4138.5,2459,2140,0,3081,1855,3579,3242,2896,739,2740.5
4570.5,4397,1778,797,4441.5,3197,3158,3204.5,2784,2359,2384.5
1717.5,2908,3847,4223,1802,2109,1366,2051.5,1148,1084,910.5
3327,2654,2939.5,1024,4047,3912,3009,3933,3376,4063,3089
3709.5,3765,4044,4168,3722.5,3032,3474,2859,2625,2679,2317
0,895,0,0,1760.5,2328,1134,3784,630.5,1364,627
1128,1277.5,0,467,893.5,1127,1249,1078,720,1170,480
4528.5,4027,1350,1476,4098,3546.5,3562.5,3250,3037,2791,2283
4289,4981.5,5676,5471,3670.5,3292.5,3411,3413,2842,2946,2459
4518.5,4820.5,5532,5321,4054,3366.5,3897,3342.5,2974.5,3055,2503
4851,4163,1301,923,4190.5,3373,4079.5,3540,3649,3034,2561
2109,3541.5,3286,3954,2286.5,2827.5,2408,2820,1925,2139,1741
3231,3130,3175,3148,2684,2908,2893,2740,2219,2143,2107.5
5702,4741,1517.5,1287,5385.5,4560,4853,4097,4585,3586,3116
4461,4029,831.5,988,3495,2979,3349,3407,2326,2457,1482
4215.5,4010.5,3929,4005,3479.5,3078,3183,3037,2871,2417,2324.5
3131,1357,2389,2022,5238.5,4147,4037,3450,4165,5018,3274.5
4038.5,3981.5,4352.5,3534.5,3763.5,2669,2764.5,2707.5,2801,2436,2037
3189.5,4849.5,5690,5601,3110.5,2939,2412.5,2574,2550,2473,1835.5
3044,3358,2945,2293,2832,2503,1841.5,2168,2529,2090,1585
5428,5374,1864,1414.5,5304,4562,4667,4320,3924,3239,3470.5
2533,1106.5,0,1366,4902,3891,3099,3314,3799,4063,2840
3948.5,4485,4898,5205.5,2965,2988,2778.5,2870,1973,2227,1748
3749,3579,1599,1753,2912,3895,3111,4309,2762,2890,3002
8698,4275,2446,2132,8255,9574,8865,9285,8968,6974,6717.5
2420,2468.5,3029.5,2254,2515,2447,2117,1965,2080,1974,1703.5
0,1253,1109,1768,1199,4941.5,2444.5,5301,2982,3296,3251
3594,4445.5,2986.5,988.5,2565,2922,2784,2779,2225,2368,2050
1492.5,2915.5,3209.5,3884,1958.5,2390,1956,2556,1966,1973,1742.5
3349.5,2608.5,3924,1733,3502,3999,3548,4223,3965,2964,1982.5
1875.5,2284,1255,1663,1886,2431,2086,2236,1678,1798,1148.5
0,870.5,746,592,2247.5,2487,2462,2768,3032.5,3076,1322
2591.5,2342,801,740,4108.5,4184,3357.5,4486,4453,4123,2736
4063,4464.5,2792,2911.5,3191.5,3584,4392,3431,2383,3048,2661
2385.5,2579,2525,2565,2104,2448,2713,2860,1716.5,2456,1675
1725.5,2714.5,3437,3747.5,1802,2178,1994,2858.5,1771,1824,1584
2802,2885,1952,756,2284.5,2904,2436,2854,2205,2487,1993.5
4074.5,3802.5,1919,1650,4285,2238,3221,2254,2465,2175,1739
4304.5,4288.5,4673.5,4690.5,4141,2889,2778.5,2947,3005,2669,2300.5
4113,3579.5,1597,1548,3184,3410,3335.5,3279,2757,2834,2482.5
1802.5,2308.5,2012,2049,2228.5,2713,1572.5,2357.5,1915,1752,1506
3940.5,3944.5,4825,4461,3809,4041,4093,3962,3119,2910,3149
1673,2632.5,863,611.5,2073.5,2635.5,2804.5,2810,1930,2052,1709
4695,2854.5,1029,753,3812,2805,3988,3455,3492,3299,3130
1606.5,3187.5,3418,3906,2309,2832.5,2553.5,2727,2034,2402,1877.5
1524,2623,2999,3192,2191,3141,2444.5,2781,2252,2530,2506.5
5117,3742,2574,2459.5,4018,4185,3320.5,3267,3169,3259,2305
1389,2788.5,2797,3486,1877.5,2236,2312.5,2261,1627,2009,1540.5
121.5,1007,1925,2083,1617,4071,0,4635,5274,1217,1033.5
5421,4753,0,1732,4609,3583,4645,3549.5,3334,3368,3132
5234,4403.5,3115,0,4467.5,3706.5,3368.5,2943,3541,3429,2832
4392.5,4011.5,4348,0,4334,2892,3055,2686,3001.5,2615,1886
2067.5,3636,3721,3927,2617.5,2379,2011,2394.5,1859.5,1910,1610
3409,3437,904,682,2841,3080,2645,3483.5,2537,2112,2063
3046,4178,4825,4635,3154.5,2742.5,2754.5,2769,2222,2666,2052
3847,3262,1470.5,691.5,3497,3505,3494,3694,2859,3107,2374
2760,3086.5,866,845,2263,2788,2693.5,2726,2312,2413,1692
3686,3855,1645,1326,3349.5,3379.5,3354.5,3425,2982,3069,2534
1854,2412.5,804,1659,3219.5,2854,2924.5,2949,2357,2732,1862.5
2093,1630.5,731.5,556,2700,1730.5,2386.5,1598.5,1653.5,2243,1708
4754,4447,857,1036,4028,3518,3689.5,3451,3244,2568,2484.5
3602.5,4493.5,1147,1040,3575,3841,3618,3369,3249.5,2419,3032
3060,3528,4070,4076,1687,2794,2682.5,2639,1608.5,1637,2433
3640,3623.5,915,493,4385.5,3762,3679.5,2852.5,3503,3554,2724.5
5281.5,3912.5,0,2121,5201.5,4119,4238,3565,4077,4090,3877.5
620,3560.5,2004,2830,3869,3699,3166,4227,3376,3500,3118
2397.5,3185,3071,2925,2397,2977,2897.5,2688.5,2253.5,2767,2172.5
4461,4446,1287,1160,4177,4170,3847,4149,3519,3334,3345.5
2649,3420.5,1685,1512,1817.5,3224,1808.5,2550,1568.5,1491,1573.5
5452,4705,1769,2399,5268,3571,4434,3214,3958,3372,2712
4111,3902,1594.5,1656,4122,4495,3962.5,4302,3708,3281,2645.5
3568,3299.5,650,506,2942,3088,3827,2417,2826,2795,2333
2515,2352,4912,2691,2609.5,2093,2653,1800,1807,1805,1489.5
4538,5266,1494.5,724,3909,3548,4030.5,3560,3214,3531,2677
0,0,0,0,127,0,0,0,0,0,0
4289,3443,1062,1844,2933.5,2404,2348.5,2482,1789,2489,1329.5
3970,2748,772,733,2667.5,2386.5,2631.5,2125,2211,2428,1108
2503,3035,1434,1263,2337,2285.5,1833.5,1775,1796,1575,1442
2898.5,2468.5,633,459,1847,2387,1971,1839,1661,2008,1378
5206.5,5308,1482,1037.5,4234.5,3292,3592,3218,2984,2765,2298.5
0,0,0,0,707,531,234,937,207,262,384.5
4463,5089.5,5110,4975,5171.5,4035,5442,3991,3981,3691,2997
4341,3515,761,896,3704.5,3439.5,3439,2944.5,2603,2616,1952
2269,2483.5,2026,1658,2262.5,2698,1851.5,2426,1836,1578,1689.5
1308,1568,1876,1758.5,1690,1981,1147,1984,1048.5,1010,1253
5011,4325,1284,1056,3835.5,2973,2928.5,2633,2595,3082,1875.5
5556,4684,1904,1245,5122.5,3714.5,4596,3142,3969,3962,2920.5
3439,3650.5,4594,3624.5,3105.5,2925.5,3089,2864,2532,2512,2042.5
3107.5,3948.5,3962.5,3541,2381,2187,2384,2147,1816,1942,1155
5072.5,4507,1853,2284.5,5149.5,3540.5,4628,3322,3947,3679,2733
2464,4245,3299.5,4000,3287.5,2403,2743.5,2653,2309,2109,1452
5223.5,4499,1342,873,5529.5,3549,5115,3520,4371,3910,3426
3193.5,3468,3491,3700,2695,2899,3033.5,2919,2446,2390,2089.5
3361.5,2657.5,738,1136,3249,3110,2696,3287,2467,2212,1890
3779,3994.5,5779,5522,3320,3171,3796,3379,2758,2411,2178.5
2846,2980,1553.5,2332,2813.5,2948,2423.5,2867,2299,2040,1957.5
1935.5,2640.5,1501,1810,2337.5,2767,2310.5,2796,1674,1781,1527.5
6130,4796.5,4049,3028.5,4718,3585,4124.5,3311,3133,3028,2483.5
1817,1673.5,0,0,2778,2635,2080,2639,2314,2447,2248.5
3821,2960,0,2122,3807,2851,2998,2501.5,2524,2856,2162.5
4235.5,4259,4978,4583,3549,3139,3260,2958.5,2410,2783,2215.5
1909,2351,911,469.5,2292.5,2803,2630,2681,1954,2450,1869
2637.5,3482,1794,1183,2299.5,2734,2506,2393,1465,2288,1355
2561,2222,2661,2992,2509.5,2844,2556,2383,2184,2956,2046.5
1797.5,2344.5,637,680,2835,2508.5,2436,2600,1842,2268,1643
2475,2863,3163,3201.5,2134,2137,1895,2083,2060,1746,1947
3784.5,3575,3682,3306,2959,2170,1821,2638,2030,2055,1639
3305.5,3603,0,2814,3009,3285,3607,2969,3091,2625,2491
2767.5,3401,0,2528.5,2223.5,1876,1816,2028,2212,2051,1785
2848,2485.5,3673,2870.5,2821,2704,2394.5,1980.5,2296,1975,1624
3203,4599,4774,5014,2565.5,2792,2991.5,2947,2262,2580,2023
6620,4843,2579,2700.5,5980,5350,6334.5,4998,5383,4383,4146.5
3111,4273.5,4177,4457.5,2773,3085.5,3137.5,2934,2337,2361,2153
4493.5,0,0,404,3199,4083,3318,3959,1771,2510,3536.5
364,759.5,819,799,3360,3876,2551.5,3223,2740,3751,1266.5
2307,2930,2524,3155,2171,2002,2050.5,1631,1808,2357,1612
4433,4964,4550,4473,3976.5,3536.5,3819,3354,3200,2873,2722
4690.5,4588.5,3126,2697,4157,3171,3708.5,3324,3253,2467,2710
3804.5,3093.5,0,0,3676,4604,3505.5,3331,3576,3095,2634.5
1324,1267.5,1663,1913,1240.5,1931,1714.5,1542,1333,1376,1216
2863,1797.5,2779,611,3242,3908,2375,3056,2676,2928,2180.5
4459,3602.5,0,0,4012,2990,2908.5,2692,2689.5,2496,1586.5
1081.5,1124,0,0,4189,3343,3571.5,3262,3370,1660,3415
2242.5,1111.5,268,335,3967,3389.5,2588,2841,3116,2135,2273.5
4336.5,3917.5,4485,4423.5,3412.5,3027,2305.5,2615,2374,2321,2240
2145,2653,3004,3007,1963,2133,1814,1938,1790.5,1786,2358
3270,3466,822,611,4323,3237,3616,2740,2494,3298,1856.5
3951.5,3952,3342,3762.5,3968,3409,3827.5,2772.5,3407,3439,2174
3080.5,3459,3751,3621,2360,2927,2718.5,2706,2262,2319,1760
3797,4589,4359,3158,3598,3178,3274.5,3068,2563,2668,2180
2640,4027,0,616,1762,3939,2382,2179,1928,2216,1614
4200,4307,5027,4989.5,3809.5,3310.5,3650.5,3033,2941.5,2712,2691
3958.5,4430.5,5041.5,4669,3451,3260,3648.5,3122,2844,2764,2405
3891,3799,1273,626.5,4848,3687,3896,3328.5,4264,3901,3328.5
4819.5,4333,4034,2007.5,4812.5,3810,4521,3455,4030,3846,3123
5103.5,4625,6597,4716.5,4976,3298,4411.5,3044,3464,3572,2763.5
0,598,330,0,683,4362,2017.5,2559,2970,2088,1937
4760,4505,2652,1718,3993,3415.5,3457,3089,3111,2880,2103
4476.5,4574,2388.5,2246,3740,3830,3347.5,3464,3144,2742,2914.5
6090.5,5607.5,8185,6413,5850,5458,6023,5312,6039,4434,4839.5
4079,3489,3665,4101,2470,2765,2861,2726,1829,2258,2488
6333.5,6195.5,6763,6450,6188.5,5635,5201,5320,6021,4519,4678
1861,1385,1561,1665,1203.5,1630,1422,1285,1034,1207,1364
2028,3653.5,3660,4226,2166.5,2731,2613,2706,2136,2551,1905.5
4441.5,4012,4291.5,4465,3540,3166,3397,3012,2873,2545,2593
2161.5,2720.5,2779,1756.5,1965,2355,1620.5,1904.5,1475,1760,1977
5452,5537,5353,4817,3544.5,3165,3609.5,3244,2391,2831,2173
5991,5512,4986,5051,3753,3230,4078,3152,2543,2967,1873
4126,5576,6549,6841.5,4822,4186,4567.5,3830,5768,3774,3146
0,537.5,0,242,523,4485,505,3074,483,523,3705
2362,4239.5,4450,4612,1903,2079,2413.5,2296.5,1858,1904,1346
3813.5,4098,4516.5,4443,3196,3430,3438,3098.5,2729,2735,2394.5
4408.5,4198,4775,4458,4269,3167,3533,3274,3029,2813,2427
4035.5,4271,4958,4504,3766,3218,3303.5,3227,2783.5,2713,2317.5
2711.5,3978,1236,795,2852.5,2821.5,1789.5,2541,2125,2134,1951.5
6308.5,5691.5,7778,6330.5,6078,5313,5774.5,5193,5210,4077,3801
4403,3671,1372,550.5,5302,4289,4815,4037,4187,4344,3475
3999.5,4178,5151,4947,3764.5,3728,3458.5,3422,3077,2990,3180
2388,2640,1117,1131,1954,2192,2334,2073,2016,1787,1481
2092,3056.5,3803,3584,1677.5,2160,1472,1786,1609,1616,1320.5
2892,656,619.5,698,2291,3275.5,3615,3285,3031,2336,2294
3474,3641.5,3238,3704,3448.5,2421,3152,2176,1922,2458,1913
3536.5,4229,5565,4114,3590,3267,3345,3238,2896,2308,2465
3323,3272.5,3314,3438,3178,3003,3003.5,3262,2916,3289,1926.5
3572,4459,4816.5,4694.5,3145,3443,2987,3183.5,3215,1989,2177
4396,4423,4444,5157,5004,3271,3478.5,3120.5,3202.5,3008,2335
1967,2333,2657,2584.5,2401,2796.5,2018,2515.5,1927,2109,1478.5
4514,4603,3391.5,2113,3541,2655,2996,2820,2507,2343,2010
4099.5,5329.5,3833,2238,5531,3796,3972,3647,3631.5,3023,3076
2730.5,3818.5,3693,4177,2138,2170,1956,1974,1909,2109,1662
2536,3782,4107.5,4336.5,2405.5,2647,1846.5,2224,2094,2255,1731.5
1381.5,1894.5,2341,1894,1688,2095,1125,1934,1238,1250,1555.5
2872.5,4290,4802,4766,2878.5,3363,2977,3299.5,2747,2691,2507.5
5551.5,4426.5,2573.5,1968,5042,4073,4553.5,3835,4143,4182,3129
3781,1467,2203,1247,3144.5,3682,4326,3069.5,3860,4700,2615
2624.5,4144,4319,4397,2085.5,2382,2383,2372,1987,1995,1889.5
5482,4833.5,4291,5023,3874,2408,2677.5,2497,2462,2560,1104
4251,4521.5,4393,4128,3652.5,3254,3019,2715,2228,2553,1453
3948.5,3916,3957,4257,3358.5,2568.5,4258.5,2695,2999,3369,1964.5
2501,2810,3175,3440,2072,2428,2023,2558,1727,1821,527.5
3892,4002,4673.5,4482,3395,3186,3563,3222,2904.5,2621,2459.5
3302,3642,3840,4000,3058,3015,2955,3014,2838,2516,2232
4094.5,3281,4046,2613,4710,2535,3359.5,1561,2765.5,3593,1306.5
3375.5,1819.5,6578.5,0,2485.5,2982,1887,2932,2075,3152,1359.5
5266.5,5522,4626,1218,3239,3062,3807,2786,2491,2720,2149
2559.5,3293.5,4238,4600,2439,2680,2223.5,2600,2213,1866,1945
3741,4465,5788,4914.5,2794.5,3051,3003,3199.5,2040.5,2488,1913
3565,4180,4289,5182,3312,3032.5,3582.5,2807,3518,2444,1546.5
3130,3738,5350,4514,2874,3004,2460,2960,2479,2861,2149.5
2290,3099,2066,3391,2103.5,2478,2126.5,2516,1917,2095,1645
2949,3483,3956,3740,2175.5,2152,1639,2126,1917,1793,1590.5
3649.5,3873,3834,3691,3431,3188,3061.5,3267,2712,2175,2329.5
3426,3365,3523,3318,3453,3304,3275,3587,3078,2746,2462.5
3809,3585.5,3516,4003,3760.5,2910,3715.5,2273,2133.5,2681,1887
4786,4831.5,4819,5282,5139,3905,4737,3116,3482,3355,2038.5
2808,3465,3659,4037,2613,2970,2894,2921.5,2360,2179,2078
2962.5,4127,3646,3799,2519,2708,2581,2768,2410.5,2196,2010
3671.5,2840.5,4373,3350,3654,3467,3245,4490,3842,3482,2280.5
5015,5916.5,9254,6691,5754,6114,6337,6204.5,5760,4664,4362
662,0,779,1181,529,1432,1117.5,1409,849.5,785,1387
3034.5,3038.5,3114,3105,2384.5,2422,2550.5,2224,2243,1964,1712
3599,4829,3015,3023,2703,2423,2516.5,2050,1992,1518,933
3886,5271,4029,1296,3974,3460.5,3717,3674,2995.5,3163,2396
1999,3418,4279,4112,1964,2062,2143,2249,1719,1835,1608
3955.5,4063,4832,3724,3671.5,2758,2478,2783,2884,2534,2546
3592,5001,5221,5288.5,3165.5,3206,2428,2894,1834.5,1841,1586
2238.5,4072.5,4571,5547,2401.5,2196,1674.5,2279.5,1766,1282,1196.5
2200,3318.5,4484,4501,2584,2653.5,2074,2563,1968,2288,1839
4202,3645,2131,1737,3727.5,2517,2747,2284,2255,2319,1888
2419,3194.5,3688,3596.5,2221,2730,2065.5,2632,2033,2021,2331
2745,2016.5,0,910,2086,2186,2184,2119,1859,1794,1690.5
3620,5007.5,5348,4756.5,2474,2362,2715,2066,1857,1979,1327.5
4339.5,4551,5382,4584,1985,2867,2606,2158,1739,2237,1237
2441,836,1314,671,2509,2891,2935.5,2438,2972,2336,1753
3557.5,2728,3139,866,4343,4643,4159.5,4245,4810,5207,2967
4966,4917,4091,3875,3659,3356,3668.5,3374.5,3035,2770,2239
2637,3848,4778,4728,2236.5,2401,2339,2556,1923,2117,1938
2186.5,3363,4241,3932,2387,2890,930.5,1725.5,1256,1343,1201
2080.5,2995.5,3518,3943,2206.5,1841.5,1861,1708,1731,1332,1486
2311,3056.5,3099,2605,2206,2237,1989.5,2183,1733,1714,2804.5
6343.5,4671.5,3006.5,2560.5,5567,4544,5462,4334.5,4926,4289,3507
3918,3841,4089,3482,3555.5,2423.5,2830.5,2537,2279,2176,1942
1975.5,2770.5,3050,3215,2010,2255,2085.5,2100,1793,1761,1292.5
1035,1419.5,0,249,1817,1460.5,2364,1834,1632,1313,1843
7666.5,6955,8866,7607,6972.5,6091,5144,5939,6446,5488,5160
2575,2237.5,2994,3354.5,2054,1754,2400.5,1838,1529,1933,979.5
2927.5,889,0,387,4044.5,3015.5,2437,3429,3040,2101,1777.5
0,153.5,0,0,160,3277,103,2341,462,930,3432
1431,2078.5,2347,3149,1836,2043,1859,2325,1303,1534,1834.5
1757.5,4086.5,2155,0,3137.5,3017,2563.5,3349,2147,2238,876
2589,3454,3005,4112,2321,2649,2901.5,2500,2260,2356,1817
0,0,0,0,0,2698,0,3020,548,0,1080.5
3095,2563.5,2501,2599,2812.5,2219,2723,2047.5,2093,2465,1529
1518.5,2305.5,2191,2286,2356.5,2230,1587,2089,1453,1233,1601.5
4687.5,3620.5,4574,3341,3643,3898,3439,4108.5,2851,3313,3100.5
1375.5,1909.5,0,1907.5,2201.5,1929,1210,1700,1322,1108,1404
1119,0,0,0,1740,1397.5,3086,2357,1643.5,2940,953
3136,1910,2724,2851,2637.5,2698,2556,2850,1937.5,2116,1086.5
1659,2193,2303,2367,2095,2183,1541,1750.5,1496,1493,1694
3438,3850,840,739,3084,3184,2219,2713,2821,2643,2328
3095,3635,2950,912.5,2716,2887,2345.5,2789,2396.5,2663,2161
6151,3372.5,1348.5,1406.5,6005.5,4849.5,5463,5024,5250,4145,3634.5
2495.5,4839.5,2365,1150,3155,4108,2640,3881,2817,2326,1969
4650.5,3733.5,1424,624,3460.5,3302,3121.5,3508,2636,2774,2208.5
3679,3898,4163.5,3994.5,4841.5,2574,3226,2606,2356,2268,1450.5
3335,4184,1244,0,3366.5,2649,2957.5,3054,1872,2497,1260
3864.5,4515,4703.5,4664,2731,3131,2770,2852.5,2313,2066,1934
3253.5,3363,3898,3697.5,2990.5,2490,2831,2549.5,2102.5,2083,1553
2760.5,3519.5,3167,1274,2432,2818,2181,2725,2309,1937,1866.5
0,538.5,0,0,1198,2846.5,4169.5,3258,3892,2927,1647.5
4783,3777,1069,963.5,4415,3316,3219,3297,2848,2844,2622
5461.5,5735.5,5486.5,5555,5570,4038.5,5115.5,3782,4063.5,2986,2933
2470.5,3481.5,3039,1653,2178.5,2084,2442,2000,975,1704,294.5
1284,1363.5,401,655,1090.5,1375,1341,1456,1114,1222,798.5
2046,2267.5,2472,2504,1756.5,1978,1582.5,1822,1865,1648,2435
1012,348.5,0,0,424,2941,2664,1666.5,3545,2940,1010
3200.5,4234.5,4987,4816,2658,2581,3003,2509,2160,2186,1747
2688,2985,0,2267.5,2119,2315,2004.5,2313,1726,2083,1388
3031,3951,4011,4398,2562.5,2880,2429,2811,2296.5,2131,1892
2041.5,2784.5,2599,2495,1716,2107,1696,1941,1720,1704,2589
3669,3680,1509,585.5,3387.5,3401,2965.5,3205,2753,3336,2588.5
4406,4737,4667,4554,3407.5,3039,3147.5,3439,2698,2964,2466
2224.5,3593.5,3685,4164,1856.5,2204,2173,2498,1792.5,1731,1702.5
2944,4270,4156,4495.5,3297.5,2878,2879,2542,2492,2020,2554
3418.5,1192,345.5,1094,3215,3055,3325,2541,2808,2485,1460.5
2349,2824,3212,3944,1582.5,1547.5,1913,2121,1410,1690,822.5
1376.5,1812.5,479,437.5,2060.5,2704,1924,2536,1610,1900,1443.5
3995,4110,4721,4577,3810,3159,3485,3109,2656,2863,2210.5
2001.5,2838,3212,2576,2717,2401,2539,1786,1803.5,2775,1874
5049,4101.5,0,2013.5,4011.5,2549,3300,2383,2389,2360,1846
3232.5,2696.5,0,0,3164.5,3787,3479,2846,3603,2986,2454
4640,4614.5,5805,4742,4416,2951,3590,2927,2747,3007,2346
4440,3171,1227.5,1617,4407,2959,3347,2952,2775,2473,2269
4396,3087,907,1109,4004.5,3171,3156.5,3249,2774.5,2686,2381.5
3808,3793,4369,4184,3489,3166,3190.5,3249,2843,2639,2447
4259.5,4295,5145.5,4482,4016.5,3222,3781,3220,3181,2832,2643
2841.5,3819.5,4801.5,4674.5,2492.5,3049,2881.5,2712,2397,2470,2121
3398,2980.5,5513,3144,3603,4697.5,4591,4167,3314,4181,3670.5
2821.5,3538,3554,3600,3790,3208,3214.5,3783,2366,2475,2297.5
4168.5,4391,4727,4753.5,3235,3006,3202,3069.5,2656,2419,2057
2144,3028,3177,3492,2520,2369,1772.5,1995,722,711,909.5
3314,2546,3748,3022,3030,2987,3539,3101,3737,3409,2790
2623,3430.5,3664,4393,2781,2900.5,2576.5,3021,2501.5,2323,2012
3539.5,3955,3132,1065.5,2700,2631,2664.5,2464,2360,2020,1788
3146.5,3939.5,3559,3252,2507,2825,1991.5,2541,2125,1847,1766
1260,2288.5,2890,2247,2414,2333,2260,1990,1561,1120,1418
5116,5591,5197,4974,3690.5,3681,3528,3150,2719,3054,1938
3799,4280,4726,4103,3417,3619,3540.5,3650,2806,2813,2386
3431.5,3935.5,4519,4228,2922.5,2814,2931.5,2753.5,2273.5,2420,1929
4739.5,4125,4234.5,2614,4439,3373,3631.5,3140,3251,3389,3046.5
4322,4552.5,2316,1037,4020.5,3521,3844,3501,3271,2902,2580.5
7537,7328,6051,3897,6664,5285,6470.5,5169,6337,4782,3535.5
3393,4444.5,4405,4418,2237,2464,2261,2684,1799,2180,1977.5
2963,4047,4640,4753,2401,2817,2873,2542,2259,2825,1578.5
2633,3228,4224,3388,1906,2161,2148,2028,1641,2017,1122
2790.5,3092.5,4405.5,3533.5,2598,2185,1955,2216,2253,1919,1800
635,810,0,462,1516,4229,1116,4316,4265,1832,2480
0,748,0,477,512.5,3303,865.5,3860,749,251,1379
1424,3937,3475,4176,2264.5,2056,2698.5,2829,1868,2956,1290
2496,3860,4285,4438,2184.5,2359,2594.5,2477,2037,2027,1632
2456,3949,3760,4234.5,2276.5,2366,2462,2406,1933,2132,1716
3558.5,3913.5,2144,765,2498.5,2335,2165.5,2493,2138.5,1892,1785.5
2406.5,3154.5,3335,3976,2394.5,2522,2285.5,2659,1901,2092,1716
3079.5,3652,4062,4812,3148,4020,3717.5,3892,2711,3166,1750
4581.5,3591,2454.5,3100,4668,3303,3663,3865,3400,3048,2354.5
4759,4960,3561,1473,4122,3063,3127,3170,3299,2358,2334
2201,2825.5,3630,2184,1825.5,2055,1703,2018,1835,1726,1423
2658,3637,3729,4032,2179,2001,1822,2084,1830,1817,1174
6408,5412,7172,6280,5000.5,4724,5507,4556.5,4360,3805,3481
2924.5,3939,3423.5,3102,2055.5,3052,1800.5,2206,1664,1521,1748
4712,3496.5,3671.5,2865,4653,2912,2930,2763,3680,3495,2502
1908.5,3663,3413,3887,1665.5,2054,2284,1959,1806,1814,1706.5
3490.5,3959.5,1565,1558,3119.5,3394,3426,3174.5,2469,3202,2353
5569.5,5113.5,5851,5671,5673,4475.5,4093,4555,4547,3797,3460.5
3513,3347,4043.5,4158.5,2906,2747,3070.5,2374,1899,2404,1156
4397,4458,4409,4435,3746,3513.5,3638,3508.5,2987,2834,2409
0,1169.5,0,0,186,2415,2786.5,1974,0,1127,2378.5
4389.5,4315.5,3801,1832.5,3883.5,3130,2877,2921,2971,2705,2455.5
4446,3898,1780,925.5,4101,3174,3101,3340,2983,2974,2607
3174,1654,0,751,2829,3582,2798,3114,3026,2775,2598.5
1166,837,474.5,447,2446,2684.5,2545,2815,2469,2509,3044
1840.5,2719,2427,3553.5,1765,2253.5,2402,2169,1472,2222,1589
1839,1700.5,843,646,1716,2598,2366,2489,2665,1944,2400
1686.5,2005.5,580,572,2230,2773.5,2773,2432.5,2119,2440,1624
3085,3083,652,791,3721.5,3711,4360,3731.5,3157,3074,2632
3860.5,2634,1680.5,1099.5,4873.5,4219,4217,3991,3891,3924,3509.5
3004,4190.5,4261,4714,2947.5,3678,3270.5,3239,2554,3197,2434
4863.5,4321.5,874,761.5,3526.5,4085.5,3422.5,3946.5,3821,2865,3020.5
2330,2433,1165,894,1988,2793,2653,4533,1849,2492,1748
3170,2868,4559,2994,4309,3896,3384,3593,4090,3058,2521
667,2342,0,0,3417.5,2542,2870.5,3149,2587,1505,1719.5
2579.5,2753,3166,3274,2488,2858,2310,2444,1934,2277,1770
3807,3709,931,817.5,3172.5,3866,3106.5,4136,3113,2665,1499
5616,4973,1083,993,5331.5,3759,4351.5,3943.5,3954,2919,2646
4172,3332.5,4841.5,5202.5,3446,2719,2541,3430,2419,2736,2368.5
4383.5,3502.5,1007,1286.5,3194,2845.5,3011.5,2909,2471,2140,1755
2958.5,3249,2391.5,2759,2645,2425,2431,2720,2138,1876,1867.5
5050,5217.5,4584,5087,2873,2634,3406,3403,2159,2242,2528
3110,3037,3135,2258,2125,2123,1855,2556,1994,1883,1382
5340,4396.5,4507,4059,4912,4205,3263,3420,4266,3188,3113
2211,2819,1601,1440.5,2237.5,2484,1627,2423,2270,2522,1947
1358.5,1325,0,0,1344,1687,1374.5,1943,1179,1378,1185
4106,3910,2193,698,3531,2460,2358,2704,2031,3135,1561.5
3803,3023.5,1088,491,3164.5,3090,2557,2927,2703,3263,2182
3436,4036,1861,1328,3249,3247,2926,3383,2990,2988,2297.5
3410,3984,1909,2082,2645,2972,3022,3098,2498,2506,2129
2537,3096,4103,3639,2037.5,2146,2325.5,2097.5,1838.5,1942,1284.5
3154,1672,4117,2084,3022,2845.5,2990,2779,1687,2685,1575
4520,2463.5,1278,1064,4148,2962,3391.5,2829,2692,2787,2069.5
2684,2253,951,951,3210,3565,2391,3695,2430,2857,2188
4779,4119.5,1841.5,1656.5,4317,3282,3465,3131,3324.5,2792,2256
2370,2447,3243.5,2583,2641,2539.5,2311,2177,2040,2512,1894.5
3831.5,2933,1546,1187,4378.5,3650,3867,3625,2862,2500,1652
1792,2520,865,946.5,2795.5,2862,2491,3041,2465,2400,2329
6502,4912.5,2107,1565,4098.5,3136,3704,3296,3022.5,2862,1900
2873,4067,6372,4858,4458,4094,3450.5,3082,3003,2692,1877.5
1456,2234.5,3147,2352,2315,2608,1965.5,2070,2122,1988,1533
4898.5,3633,1230,1642,4676,3378,4019,3042,3354,3120,2535.5
3172,3450,2739,3418,1735,2835,2408.5,1942,1521,1792,1281
4263.5,3712,931.5,807,3628,3727,3203.5,3589,2988,2463,2441
4027,3118.5,900,911,3714.5,2590,3042,2417.5,2273,2326,2144
1200,1566,1928,2427,1511.5,2096,1932,2044,1739,1767,1287
4458.5,3855,3241,2887,2818,2734,2235,2766,2354,2274,1640
2293,2614.5,0,1011,3275,2580,2171.5,3792,2426,1906,2381.5
1989,3026.5,3302,4097.5,2083,2669.5,2403,2868,1970,2065,1729.5
4087,3456,1898.5,1141,3843,3090,2924,2605,2933,2838,2444.5
3026,3549.5,3715,3617.5,2673,2986,3196,2974,2365,2622,2044
2899,3199,3491,3373,2623.5,3172,2938.5,3212,2604,2529,1924.5
0,1754.5,0,0,923,2642.5,2151,1950.5,765.5,2997,402
3466.5,4484,985.5,903,4898,4391,4104,4588,4573,3987,3336.5
5915.5,3941,2293.5,2262,5524.5,4752,5796,4471,4096,4288,3008.5
1682,3456,3683,3636,2955,2787,2336.5,2485,2100,2035,1419.5
0,723.5,0,708,371,2731,1445,1727,0,2414,821.5
2319.5,2833,3015,2402,2217,2776,1713,2646,1407,1472,1468
3126,2712,0,1345,3732,3937,3498,4837,3751,2518,3134
4181,3971,1597,923,4200,3250.5,3792,3174,3095,2833,2650
1701.5,601.5,2279,2391,1712.5,1966,1748,1623.5,1308,1759,1072
0,235,0,0,671.5,1100,879,1085,414,371,464
3842,4787.5,5991,5840,3218.5,3535,3112,3768,3106,2743,2372.5
0,2649.5,0,1103,3118,2267,3038,3127,1871,2432,1068
3188,2171.5,3685,913,2782.5,2411.5,2022,2035,783,1308,804.5
3072,3564.5,616,737.5,2503.5,2670,2319,2713.5,2243,1858,1998
1944,2347,1016,977,1251,2907,2179,2050,2071,1906,1259
2076.5,3062,573,635,2431,2651,2086,2650,2072.5,2166,1915
698,2351,2736,2284,2915,1991,2210,2126,1454,1807,974.5
762,2628,0,0,2837,2367,2729,2495,1540,1416,341.5
2167.5,243,0,0,4543,3321,2947.5,3899,2867,3983,2375
4032,4384,801.5,750,4113,4603,4619,4471.5,3730,3305,3562.5
0,0,0,0,0,753,0,651,0,0,425
4941,4743.5,4744,828,4805.5,3846,4181.5,3371,3415,3161,3004
4339,4013.5,771.5,781,4827,3475,4215.5,3437,2875.5,3077,2858.5
4126.5,4723,1065,1044,5206.5,4091,4863,4103,4005,3066,3510
4825.5,3239.5,849.5,1309,4439,2937.5,4738.5,2428,3353,3521,1967
2344.5,2422.5,746,723.5,1878.5,2193,1916.5,2308,1789,1749,1497
3898,2652,7363,3447,3649,3881,4313,3869,3748,2768,2653
1454.5,2568,4253,3551,2862.5,3163,3429,2395.5,3020,2299,2773.5
2307.5,1307.5,0,459.5,1206,2262,2684.5,1848,1502,2512,1042.5
3802.5,3669,3563,4042,2953,2741,2944.5,2767,2316,1912,2372
4082,4287,4599,4660,3212,2298,2800.5,2264.5,2166,2072,1905
3614,3893.5,1067,966,3656,3407,3505,3203,2965,2927,2804
3019,3416.5,1491,1276,2235,2845,3096,2692,2237,1938,2052
3215.5,4298,1709,1405,3834,3517,3147.5,3432,2892,2514,3253.5
2016.5,2594,786,605.5,2924,3325,2898,3354,2987,2856,2533.5
2916,3591.5,2144,802,2546,3055,2528,3152,1903,1983,1343
2731,3159,1996,735,3068,2681.5,2586.5,3080,1907,1886,1237.5
3438.5,3855,1021,916,3228,3692.5,2930.5,3481,2679,2218,2412
3529.5,3446.5,0,0,4136,3016,3424,2617,2331,3694,1587
2505.5,3150.5,4073,4571,2462,2821,2381,2943,2352,2136,1800
0,2733.5,0,0,3224,2953,1049,3363,2509,2692,1723
2488.5,2731.5,838,1138,3535,3373,2738.5,3391,2239,2319,1350
3163.5,3030,981.5,657.5,2900.5,3005.5,2956.5,2532,2423,3088,1886.5
5120,4153.5,1601.5,1310.5,4572.5,3442.5,3407.5,3052,3327,2758,2379
2501,2876.5,2516,2000,1740,2233,1798,2174,1700,1788,1437
4768.5,3959.5,1743,1560.5,4256.5,3415.5,3634.5,2993,3409,3517,2687
2855,3507.5,2854,1846,2237.5,3301,2120.5,3186,1714,1554,1863.5
3922,4337.5,1011,722,3044,2700.5,2958,2864,2470,2494,1737
4578.5,3660,1763,1170,4355.5,3144,3038,2859,2849,2566,1952
5243.5,3489,2598,2104,4348,3639,4464.5,3453.5,3329,3595,2644
4641.5,4040,1327,1374,4149,3272,3229,3286,2847,2808,1862
4758.5,4365,1825,1564.5,4304.5,3339.5,3571,3005,3112,3106,2629
0,3218,0,0,4949,7173,1271.5,8179.5,4561,4502,4826.5
1558.5,1148.5,590.5,514,1064.5,1725.5,1652.5,1636.5,1348,1380,1046.5
3214.5,2867.5,982,323,4112.5,2580.5,3743,2824.5,2791,3146,1675
3430,2950.5,4894,3372,3633.5,3740,3843,3812,3488,3075,3097.5
2069.5,2608,2510,3049,2335,2674,2229,2724,1886,2005,1562
2675,3555.5,888,847,2691.5,3010,2299,2995,2320,2022,1978.5
3661.5,3778,1073,853,2935,3065,2679,3108,2559,2274,2095
2392,2067,1086,1207,2525,2734,2166,2648.5,2071,2235,1818.5
3986,4379,4768.5,4358,2795.5,2661,2532.5,2787,2169.5,1704,1640
1967,2715,1896,2533.5,2243,2551,2019,2619,1900.5,1736,1615
2888.5,1215,0,0,1252,2474,1211,2445,627,2506,0
3030.5,3272,2713,2387,2506.5,2818,2462,2744,2245.5,2002,1826
0,722.5,0,0,1434.5,2495,357,1047,106,129,825
3577.5,3546.5,0,0,2866.5,2753,2648.5,2007,2187,1998,1416.5
2950,2815,1365,2069,2588,3195,2212,2804,2034,2053,1956.5
4263,3913,1389,860,3031.5,3303,2811,2813.5,2796,2645,2134
3681.5,3056,910.5,695,3835,3055,3054,2641,2753.5,3117,2661
5520,4382,1483,1705,5758,3976,5505,3572,4713,3850,2990.5
2223,4120.5,415.5,468,4111,4524,3808.5,4507.5,4038.5,2913,3524.5
0,276.5,0,0,717,1203.5,766,1404.5,868,663,681.5
2560.5,1599.5,1131,1125,1956,1845,2026,1987,1728,1572,1614.5
5492,3190.5,2038.5,2039,4855,3279,4289,3267.5,4047,3491,2133
5644,3634.5,2414,2187,5152,3805,4610.5,3516,4275,3839,2468.5
3066.5,3593.5,1379,1284,2474,2325,2727.5,2157,1996,2262,1783.5
2524,2646.5,907,668.5,2506.5,2397,2093,2464,1995,1626,1469
2737.5,3292,808,777.5,2882.5,2126,2288,2652,1626,1839,957.5
2817.5,3415.5,1002,1098,2986.5,2595.5,3421.5,2331.5,2794,2895,2723.5
5362.5,4343,1587.5,1649.5,4343,3288,4202.5,3074,3062,2874,3187
5178,3591,805,765,4917,3489,4470.5,2805.5,3338,3239,2723.5
5211,4446.5,1010,1255,4631,3744,4360,3630,3310,3390,3112.5
5362.5,4912,1423,1358,5157.5,4467,4797.5,4326,3788.5,3794,3255.5
3599.5,3903.5,3909,3865,3684,3249,3769.5,3186,3069,3133,2732.5
0,0,0,0,186,597.5,107,1187,293,129,167
2420,1624,0,523,3320,3615,3647,3769,3079,3407,2765
0,1104,0,0,1025,1869,1422.5,3586,751.5,694,2349.5
4223,3667.5,1337,1332,3831,3168,2899.5,3052,2777,2708,2317
2535,2715.5,1131.5,621,2721,3329,2858,3219,2630,2543,2349
1198.5,1351.5,0,0,2296,2852,2674,2875,2459,1630,1931
0,192.5,0,0,838.5,1912,915,1594.5,689.5,527,665.5
0,272.5,0,0,752.5,1057,1279,1699,309.5,321,669
2747.5,1791,529,0,2578,2993,2366.5,3963,4465,3254,2489.5
3642,3506,1436,1194,5422,5433,4980.5,5277,5417,3999,4983
374,1881,0,0,3780.5,3799,2801.5,3834,3093,2719,2676.5
2178.5,469,0,0,1292,3060,2478,2678,3654.5,2383,1172.5
0,440.5,0,0,305.5,1550.5,1196.5,1683,550,374,580
1929,3559,3659,4014,2618,2926,2702.5,3160.5,2243,2335,2111
4630,4260,2470,3379,3573,3649,4375.5,4105,3724,1844,3292.5
2652,2730.5,3130,2709,2325.5,2690,2535,2524,2245,1959,1847
3193.5,2658.5,1264.5,1942.5,3854,3808,3940,3836,3448,3162,2940.5
3516,3430,3883,3969,2891,2580,2705,2277.5,2531,2890,1780
4356.5,3845,1764.5,1259,3278.5,2361,3098.5,2976,2005,2756,1052.5
4663.5,3706,0,980,3761,3428,4550.5,4126,4789,3530,3430
0,465,0,0,644,1180,894,1552.5,543.5,510,479
2548,3228,1428,561,2790,3385,3006.5,3444,2879.5,2925,2502
3127,3515.5,769,763,2604,2948,2849,3045,2311,2434,2012
4689,4376.5,1002,750.5,3685,3768,3581,3800,3219.5,3090,2658.5
3465,3472,943,643,3391,3151,2762,2983.5,2524,2544,2107.5
2380.5,1610,920,0,2091.5,3503,3194.5,2423,2214,3135,1791
3666.5,3150,0,0,3627,2590.5,2782,2335,1688,2050,1429
1619,2742,490,600.5,2047,1659,1833,2062,1326,1322,1094.5
3920,3888,1068,1368,2937.5,3190,2930,3020.5,2638,2332,2165.5
1380.5,3377,0,0,3160.5,2825,2505,3372,2315,2204,1827
216,1270,0,0,2318.5,2385,2047.5,2847,959,1879,1021
1104,1792.5,464,0,2237.5,3086,2762.5,2926.5,2687,2786,2319.5
2737,3281,1248,1754.5,2678,2643,2406.5,2427,1541,2128,1309
0,3335,0,1534,3096,2832.5,1009.5,3935,2373,2103,1740
4498,4523,2000,2637,3799.5,4038,3745,3786,2713,2410,1856
0,329,0,0,922,831,146,965,464.5,497,356
3511,2973,918,1200,2509,2483,2513.5,2547,1990,1838,1514
2134,2224,795,964,2772,2774,2149,2569,2194,2186,1870.5
2345.5,1851.5,790,685,2457.5,2823,2324,2562,1838,2122,1676.5
438,716.5,0,0,3984,2185,1750,2258,1622,1370,1193.5
5370,5214,2794,1768.5,4483,4359,3767,4107,3681.5,3500,3214
1779,3333,0,1199,4446.5,3722.5,2987,3928,3354,3612,2738
3518.5,2961,622,649,3344.5,3207,3213,2455,2602,2840,2336.5
3867,3400,1679,1686.5,4030,2990,3100,3135,2587,2588,1899
2050,2624,1152,762.5,2882,2944,2317,2990,2272,2128,1768.5
2891.5,2363,1063.5,375,3628.5,4550,3475.5,4642,3817,3882,3413.5
2717.5,2366.5,0,1053,3544.5,3194.5,2962,3483.5,3352,3297,2505.5
4984.5,4292,1272,1025,4200,2370,3697,2918.5,2440,2375,1929
3150.5,3066,862,514.5,3617,3424,3325.5,2417,2658.5,3057,1851
1996.5,2976.5,609,621,3158,4098,3223.5,3942,3231,2965,2715
2426.5,3090,738,735,3115,2877,2591.5,2887,2168,2073,1088
3555,3947.5,1738,1545,2837,2556,2985,2137.5,2321.5,2050,2408
3775.5,2678,838,501.5,3037,3557,4233.5,3324,2522.5,2941,2943
0,390,0,0,3552.5,4640,2100.5,3756,4418,3906,3201.5
2284,2623,0,670,4353.5,4475.5,3859.5,4159,4116,4040,2991
3268,3369.5,876,740.5,2697,3528,3475.5,3318,2807,2804,2486
2923,4489,6313,5196.5,3239,4020,3941.5,3560.5,3242,2985,3496.5
4062.5,4848.5,5144,4841,3949,3749,3905,3501,3313,2910,2706.5
4070.5,4385,1336.5,956,3816,3081,3667.5,3137,2796,2482,2236
4340.5,5002,2866,1031,3810,3433,3382,3023.5,2620,2513,2385
3361,4468.5,5522,4635,2790.5,2809,3785,2312,2076,2874,2230.5
3043,3885,1474,663,3315.5,4332,3733,3971,3064,3426,3080
2832,3730,766,788,2535,3447,2604,3302,2405.5,2738,2090
0,1184,0,0,1114,1521,1476,1588,731.5,409,1078.5
3178,4046.5,952.5,726,3298,3862,3169,3718,2982,3071,2890
2971,3414,711,698,2382,2950,3144.5,2764,2729,3243,2263
3760,3860,855,733,3111.5,4149.5,3451.5,3880,3237,3284,3112
3085,3765,2255.5,1295,2247.5,2684,3006.5,2385,2333.5,2844,1672
1630,2485,761,1304,2534,3118,2969,3180,2092,2529,1880
1101,2885,1127,913,2478,3282,2839,3128,2079,2833,2035
2713.5,4364,3900,4626.5,2693,3230,2723,3116,2142,2157,1378
3498,4580.5,4424,4564,3154.5,3211,3018,3195,2679,2452,2165
3567,2586,0,0,4048,4720,3774.5,4729,4106,3670,3824.5
3530.5,3008,835,672,3046,2974,2989,3182,2308,2734,2644.5
4248,4196,4593,4628.5,3661,3282,3011.5,3114,2828,2677,1982.5
4477,4234,0,1999,3946,3969,3476,3327,2807,3432,2629.5
1943.5,1543.5,681,936,3398,3981,2647.5,2990.5,2815,1837,2432
0,1132.5,0,0,136.5,460,73.5,678,0,0,0
5496,3710.5,897.5,812,3901,3643,3809.5,3025.5,3170,2459,2539.5
2200.5,3244,3268,3651,2026,2058,1982.5,2386,1835,2193,1880
4755.5,3687,4149,4045,4655,4959,4095,4014,4657,4004,3010.5
3066.5,2988,0,4732,2625,3167,2065,2407,2697,2471,2055
3107,2831,1580,1105,3027,3532,2534,3271,2695,2984,2769
0,0,0,0,1128,1367.5,1170,1868,798,817,776.5
3241,3377,763,1574,2429.5,2640,2383,2556,1958,2259,1364
2544.5,2414,2815.5,3197,1998,2522,2130,2074,1865,1964,1392
1649,1761,1758,2203,1416,1981,1482.5,1739,1542,1520,1126
1856,3052.5,2932,3957,1459.5,2056,1986,2107.5,1595,1818,1175.5
4075,4515.5,2505,2292,3741,3681,3804,3720,3116,3212,2775
2960.5,3369.5,926.5,781,3114.5,3647,3230.5,3677,2656,2663,2494.5
2739,3506,3789,3896.5,2484,2927,2637,2849.5,2310,2447,1948
3490,3953,905,775,3563,2815,2736,2848,1986,1952,1778
387,468.5,0,0,1197,1730,431,1394.5,252,752,258
3064,3286.5,1054,884,3082,3687.5,2988,3502,2605.5,2749,2423
4720,4279,1647,1054.5,4225,2861,2825,3163,2854,2734,1843.5
5622,5638,0,0,4209.5,4639,5225,5339,4273,3682,5143
4696.5,4845,5544.5,5596,3599,3456,3614,3821,3112,3142,2629.5
4705.5,4344,1523,1277,3804,3114,3472,3406,2773,2668,2527.5
4571,4098.5,4292,3545,4498.5,2888,3672,3008,3053,3282,2359.5
3925,3084.5,1327.5,984,3386.5,3038,2521,2974.5,3071,2941,1988
4062.5,4043,2053,943,4223.5,3036,3900,3001,3888,3531,2817
4980,4505,1999,1946,4405.5,3889,4186,3655,3547,3718,2924
3926.5,4556,2370,1255,2885,3130,3272.5,2902,2599,2585,2154.5
4026,4325.5,3727,3505,2829,3993,2695,3207,2692,4070,2300.5
2538.5,3334,1976,662,3146,2704,2558,2178,2618.5,2733,2267
3758,3271,1529,2155,2990,3115,3205.5,3329.5,2430,2356,1058
3221,4057,4063,4507,2700.5,3145,2917.5,3085,2455,2865,2237.5
2098,3931,3270,4324.5,2101.5,2786,2342,2563,1712,1796,1511
5187,4562,1297.5,1426,4606,4090,4001,3923,3566,3270,3032
2644,3341,2838,3357,3501,2588,3263.5,2223,2619,2608,2051.5
3438,4403,3837,1820,3295,3619,3767.5,2882,2538,2774,2743
2672,4016.5,2813,1332,2439,2954,3130,3081,2244,2611,2295
4227,4647,4704,2649,3487,3320,3554,3127,2674.5,2926,2223
4329,4562.5,3078,2097,4450,4325,3876,3855.5,4091,4046,2847.5
4516.5,4402,4788,2917,3961,2664,2730.5,2858,2707,2727,2237
3122.5,3366.5,2634,1947,2257.5,2628,2444.5,3134,2277,2530,2373
0,0,745.5,456,225.5,344.5,0,644,0,0,0
2471,2872.5,3096,3300.5,1969,2584.5,2193.5,2692,1759,2116,1709
2561,3739.5,4377,4686,2763,3310,2751,3235,2611,2700,2324
2033,2845,2314,3041,2556,1696,2107,1639,1999,1968,1644
3069.5,3696,4865,4924,3045,3539,2857,3422,2693,2610,2379.5
1348,1267,806,1799,1388.5,1586,1818.5,1331.5,1388,1348,1154
1521,3028.5,2809,3191,1805,2009,1950.5,1953,1514,1750,1222.5
2755,2342,0,508,2140.5,2848,2565.5,2739,1940,2711,1790
0,572,0,144,799,1301,822,1632.5,0,0,481
5711,4264,0,3638,5361,3994,3928.5,3512.5,4187,4011,3195
1285.5,2032,976,446,2254.5,2802,2375,2721,2220,2293,2063
4594.5,4848.5,5294,4532,4451,3365,4149.5,3242,2392,3229,1951.5
3257,4350,5132,4549.5,2885,2424,2374,2238,1950,2089,1628.5
3749.5,3817.5,3704,4087,3714,3163,3176,3082.5,2840,2568,2318.5
3620,3768,4335,3572,3003.5,2214,2530.5,2040,2225,2340,1673.5
3499,3465,2959,3740,2994.5,2738,3132,2039,2912,3042,1854
2046,3012,2854,3853,1868.5,2766,2752,2826,1453,2901,1743
4702,4826,3623,2142,3937,3487,3738.5,3195.5,3064.5,2969,2203
2823.5,2632,906,487,2517.5,3083,3005.5,2943,2115,3181,2186
2140,3210.5,747,610,2520.5,2911,2817,2861,2121,2216,2011
2577.5,3621.5,4255,4265,2341,2859,2520,2862,2380,2462,2235
3754.5,4534,3802.5,3898,2684.5,2740,2631,2893,2463,2114,2096
6080,5293,1142,1140,6824,5109,6753.5,5182.5,5424,5021,3827
5023.5,4515,3963,4728.5,4358,3070,3501.5,2873,2866,3619,2296
4360,4445.5,4473,5016,3616,3579.5,3863,3538,3167,2879,2455.5
4635,4376.5,4749,4679.5,4522,3834,4099,3506,3246,3625,2798
4531,4462,3545,2526,4218.5,3074,3362,3078,2999,2751,2395
